σύλλογος,χωριό,lat,lon,δραστηριότητα,μέρες,ώρες
ΔΕΙΓΜΑ - Πολιτιστικός Σύλλογος Πυργίου,Πυργί,38.2264,25.9319,Παραδοσιακοί χοροί,"Δευτέρα, Τετάρτη",18:00-20:00
ΔΕΙΓΜΑ - Πολιτιστικός Σύλλογος Πυργίου,Πυργί,38.2264,25.9319,Ραπτική,Παρασκευή,17:00-19:00
ΔΕΙΓΜΑ - Πολιτιστικός Σύλλογος Μεστών,Μεστά,38.2583,25.9208,Χορωδία,Τρίτη,19:00-20:30
ΔΕΙΓΜΑ - Πολιτιστικός Σύλλογος Βροντάδου,Βροντάδος,38.4167,26.1333,Παραδοσιακοί χοροί,"Τρίτη, Πέμπτη",18:30-20:30
ΔΕΙΓΜΑ - Πολιτιστικός Σύλλογος Βροντάδου,Βροντάδος,38.4167,26.1333,Θέατρο,Σάββατο,11:00-13:00
ΔΕΙΓΜΑ - Πολιτιστικός Σύλλογος Καρδαμύλων,Καρδάμυλα,38.5333,26.0917,Χορωδία,Τετάρτη,18:00-19:30
ΔΕΙΓΜΑ - Πολιτιστικός Σύλλογος Βολισσού,Βολισσός,38.4833,25.9250,Παραδοσιακοί χοροί,Σάββατο,17:00-19:00
ΔΕΙΓΜΑ - Πολιτιστικός Σύλλογος Χώρας,Χίος,38.3680,26.1358,Ραπτική,Δευτέρα,10:00-12:00
ΔΕΙΓΜΑ - Πολιτιστικός Σύλλογος Χώρας,Χίος,38.3680,26.1358,Μουσική,Πέμπτη,17:00-19:00
